Customer_ID,Edad,Genero,Ingreso_Anual,Total_Gastado,Anios_como_cliente,Numeros_Compras,Importe_Promedio_Transaccion,Numero_de_Devoluciones,Cantidad_de_Contactos_Soporte,Nivel_Satisfaccion,Ultimo_dia_compra,Esta_Suscripto_via_Email,Respuesta_a_Promocion,Target
1,62,other,45150.0,5892.58,5,22,453.8,2,0,3,129,1,responded,1
2,65,male,79510.0,9025.47,13,77,22.9,2,2,3,227,0,responded,0
3,18,male,29190.0,618.83,13,71,50.53,5,2,2,283,0,responded,1
4,21,other,79630.0,9110.3,3,33,411.83,5,3,5,226,1,ignored,1
5,21,other,77660.0,5390.88,15,43,101.19,3,0,5,242,0,unsubscribed,0
6,57,male,190430.0,255.19,19,85,417.78,5,1,4,130,0,unsubscribed,0
7,27,male,172130.0,3512.55,3,77,316.18,0,3,1,61,1,unsubscribed,0
8,37,other,88900.0,7270.9,4,87,63.61,3,4,3,224,0,ignored,0
9,39,other,24460.0,4935.49,1,21,173.8,9,2,4,126,1,responded,1
10,68,other,169590.0,9803.57,17,34,481.18,6,1,2,171,1,unsubscribed,0
11,54,male,138900.0,4283.84,15,33,96.55,9,1,2,92,1,responded,0
12,41,female,47430.0,3333.69,4,10,212.58,0,0,2,213,0,responded,1
13,24,other,199290.0,8234.55,1,60,160.58,2,1,5,276,0,ignored,0
14,42,female,38040.0,5524.28,12,4,259.81,5,4,2,212,0,ignored,1
15,42,female,176080.0,6855.03,17,64,222.85,6,0,1,125,0,ignored,1
16,30,male,72970.0,8076.45,9,63,466.61,5,0,3,304,0,unsubscribed,0
17,19,male,98360.0,6747.13,10,9,414.8,7,3,2,274,1,responded,1
18,56,female,163180.0,4281.83,3,29,294.39,7,0,3,197,1,unsubscribed,0
19,57,male,141950.0,1335.48,15,14,173.58,7,3,4,4,0,responded,0
20,41,other,188820.0,5844.46,11,88,378.05,8,4,5,57,1,unsubscribed,1
21,64,other,131810.0,8984.59,5,72,298.9,1,1,2,323,1,responded,1
22,42,female,37610.0,4247.04,10,13,89.61,0,4,1,199,0,responded,0
23,35,female,179180.0,9116.18,14,3,162.9,8,0,2,193,1,responded,1
24,55,other,158450.0,5084.93,12,78,288.48,2,1,2,323,0,unsubscribed,1
25,43,other,148140.0,6246.33,9,24,352.98,7,1,4,119,1,unsubscribed,1
26,31,female,29670.0,8346.59,6,60,167.05,5,2,1,35,1,unsubscribed,0
27,26,other,91320.0,5689.51,9,74,456.01,2,4,2,352,1,unsubscribed,1
28,27,male,50140.0,1000.6,3,80,210.02,8,3,1,317,0,unsubscribed,0
29,38,male,167940.0,9811.7,13,12,83.09,9,4,5,128,0,ignored,1
30,69,female,146100.0,2533.91,7,10,114.05,6,4,1,31,0,unsubscribed,0
31,34,male,178950.0,7134.0,17,63,107.41,7,1,4,274,0,ignored,1
32,69,female,193980.0,5100.62,18,66,124.56,5,4,1,325,1,responded,1
33,23,male,159450.0,4839.85,4,91,198.0,1,4,1,193,0,ignored,1
34,33,male,198960.0,2515.01,5,12,237.82,5,4,5,253,1,unsubscribed,1
35,65,female,130660.0,7249.29,11,96,275.72,4,2,5,196,0,responded,1
36,18,other,26680.0,1216.6,18,49,469.63,2,1,3,188,0,unsubscribed,1
37,36,female,22570.0,9905.49,19,59,289.28,2,3,1,102,0,responded,1
38,53,female,81580.0,8469.2,5,76,98.03,2,0,2,216,1,ignored,0
39,42,other,168220.0,5391.64,16,2,233.12,6,1,5,260,1,unsubscribed,0
40,67,male,175900.0,4303.07,18,73,92.72,1,2,5,360,1,responded,0
41,69,female,192950.0,2936.0,14,26,456.43,3,3,4,263,1,unsubscribed,0
42,47,female,31720.0,5065.76,17,31,92.5,9,0,1,202,1,responded,1
43,37,female,28020.0,8806.23,9,34,309.17,6,1,1,273,0,responded,0
44,37,male,184390.0,2822.56,14,88,293.2,7,0,1,121,0,ignored,1
45,32,male,74910.0,5055.32,12,21,315.34,8,2,4,276,0,unsubscribed,1
46,57,other,120440.0,2422.04,3,50,38.72,3,4,2,84,0,ignored,1
47,50,female,196840.0,3437.78,18,9,151.77,1,0,2,277,1,responded,0
48,19,other,92080.0,1983.58,7,65,183.3,8,1,2,234,0,responded,0
49,27,other,139860.0,9906.34,3,35,462.35,3,2,3,322,1,responded,1
50,50,female,92160.0,5757.82,12,31,308.21,7,2,4,287,0,unsubscribed,1
51,49,female,158280.0,7354.87,15,85,405.83,5,2,4,352,1,responded,0
52,28,other,114990.0,1072.67,9,38,253.05,4,4,3,168,0,ignored,1
53,41,male,62750.0,3724.56,18,23,204.68,6,4,1,86,1,ignored,0
54,53,other,68840.0,8937.13,8,62,246.96,4,1,2,110,0,unsubscribed,1
55,29,male,66450.0,935.94,10,43,395.71,3,2,5,37,0,responded,0
56,68,male,115820.0,1738.28,12,49,54.59,5,3,2,130,1,responded,0
57,46,other,146570.0,6291.63,5,87,477.3,7,2,4,4,1,responded,1
58,52,female,190870.0,6265.61,11,21,305.74,2,1,3,171,1,ignored,0
59,18,other,144940.0,8398.45,3,44,101.25,8,2,3,21,0,unsubscribed,0
60,18,other,160610.0,9361.38,8,8,31.44,5,2,4,108,0,ignored,1
61,54,male,50410.0,1505.67,8,66,72.76,7,3,4,86,1,responded,1
62,23,other,87330.0,2667.8,1,46,62.48,3,1,3,209,1,unsubscribed,0
63,56,female,94480.0,4331.87,5,31,207.3,9,2,4,251,0,ignored,0
64,58,other,143550.0,108.94,11,13,349.08,0,4,2,65,1,responded,0
65,35,other,73260.0,791.16,9,70,132.59,2,0,3,137,1,unsubscribed,0
66,33,male,74590.0,2342.26,13,57,198.67,8,3,3,105,1,ignored,0
67,22,female,84060.0,4862.91,7,22,286.46,5,3,5,261,1,responded,1
68,59,female,165850.0,2590.08,3,70,408.6,1,1,2,4,0,unsubscribed,1
69,60,male,123970.0,8779.15,12,17,307.76,6,4,2,323,0,ignored,1
70,49,female,33550.0,3310.3,13,44,100.75,8,4,1,259,0,responded,0
71,19,female,34080.0,9253.77,16,24,129.65,1,4,5,262,0,unsubscribed,0
72,19,other,86830.0,9750.39,9,41,191.99,3,1,4,307,0,responded,1
73,57,male,157990.0,4553.63,9,38,248.66,7,1,3,182,1,responded,1
74,59,female,143960.0,2348.58,14,49,443.26,0,1,5,42,0,unsubscribed,0
75,53,male,147440.0,2987.49,1,40,130.87,2,2,1,138,0,responded,0
76,56,other,158100.0,7785.7,1,39,464.56,0,2,1,267,0,unsubscribed,1
77,29,female,71690.0,2806.16,16,44,388.99,5,3,2,284,0,unsubscribed,1
78,64,male,118690.0,3867.77,18,49,166.56,4,3,3,104,1,unsubscribed,1
79,36,female,117800.0,4837.9,13,1,483.73,5,0,1,162,1,ignored,0
80,45,male,153130.0,5793.6,17,10,190.7,6,0,4,85,1,responded,0
81,18,other,192240.0,9961.39,12,16,342.92,7,3,2,8,1,responded,1
82,32,other,70040.0,2398.88,16,53,468.91,0,0,5,219,1,responded,0
83,53,female,162790.0,3598.89,1,54,396.71,7,2,3,87,0,unsubscribed,1
84,30,female,138790.0,2702.62,15,5,444.39,7,3,2,8,1,unsubscribed,1
85,60,male,124440.0,3675.02,5,29,89.22,4,1,5,112,0,unsubscribed,1
86,38,female,159480.0,1097.96,19,36,325.33,8,4,1,227,1,ignored,1
87,29,other,189930.0,3662.12,18,21,49.15,8,1,1,303,0,ignored,1
88,22,other,26600.0,8889.86,9,7,490.18,4,0,2,240,0,responded,0
89,24,other,46530.0,3056.04,5,42,352.16,3,1,1,111,0,responded,1
90,22,female,156130.0,3782.15,11,32,61.07,3,3,2,269,1,unsubscribed,0
91,65,male,35080.0,9450.29,2,90,398.57,1,3,4,276,1,responded,0
92,21,other,112900.0,7310.95,2,81,236.53,9,0,1,340,1,unsubscribed,0
93,30,other,59570.0,5215.71,15,69,48.96,6,3,3,23,1,responded,1
94,54,female,69370.0,7794.21,19,14,404.14,2,1,1,335,1,unsubscribed,0
95,58,female,146330.0,1319.48,4,34,27.27,4,4,3,325,0,responded,1
96,32,female,25430.0,4698.45,17,18,399.71,6,0,2,207,0,ignored,1
97,33,female,177200.0,1270.54,6,66,291.37,9,4,3,223,0,responded,0
98,38,male,100010.0,2412.82,4,90,11.33,9,2,1,278,1,responded,0
99,53,female,110430.0,1504.49,16,48,228.21,9,4,5,209,0,ignored,1
100,41,male,117210.0,3681.83,14,87,309.19,2,3,2,147,0,ignored,0
101,33,male,136200.0,3878.23,9,43,110.51,5,1,3,353,1,responded,1
102,31,other,82070.0,9478.35,8,23,125.7,8,4,1,82,0,ignored,1
103,39,other,38200.0,2714.84,12,82,41.71,8,4,1,266,1,ignored,0
104,66,female,77310.0,4777.05,9,68,338.17,5,1,4,95,0,ignored,1
105,67,other,50270.0,8132.66,9,20,105.31,0,0,4,261,1,unsubscribed,1
106,23,male,120100.0,8174.61,19,47,431.93,4,1,5,173,0,unsubscribed,1
107,59,female,77250.0,7528.4,6,30,381.68,8,2,2,162,0,ignored,1
108,53,female,192450.0,2949.55,7,69,55.55,2,4,4,144,1,unsubscribed,0
109,18,female,193830.0,5000.22,6,85,283.26,9,1,5,255,0,ignored,0
110,49,female,131620.0,1943.49,12,31,212.13,5,4,3,195,1,responded,1
111,23,other,131150.0,1965.16,16,45,391.58,0,0,2,169,0,responded,0
112,48,female,197370.0,4414.83,13,80,334.47,9,4,2,145,0,responded,0
113,18,male,179710.0,7412.06,5,34,48.3,4,4,4,78,1,responded,0
114,67,female,157710.0,5313.18,4,5,491.01,3,1,2,150,0,responded,0
115,68,other,76450.0,8878.16,19,84,135.89,7,0,5,332,0,ignored,0
116,54,male,85800.0,8326.0,18,38,135.22,2,2,2,82,1,ignored,1
117,52,other,56230.0,412.89,13,53,159.35,2,1,1,112,1,responded,1
118,66,other,107690.0,5727.35,13,65,488.27,0,1,5,58,0,ignored,0
119,47,other,198270.0,6130.7,1,18,403.85,0,0,5,38,1,responded,0
120,21,other,184190.0,9619.59,1,18,52.17,8,3,2,203,0,unsubscribed,0
121,52,female,41300.0,330.04,7,40,214.81,6,4,2,362,1,ignored,0
122,60,other,24530.0,5357.93,4,19,429.09,2,1,4,259,1,responded,1
123,31,female,181750.0,2127.34,10,6,181.12,5,0,1,121,0,responded,0
124,66,female,116690.0,631.26,9,99,152.79,1,1,4,216,1,ignored,0
125,57,other,56030.0,5916.14,4,4,323.31,7,0,2,199,1,responded,0
126,39,male,141260.0,7748.78,11,59,190.16,9,0,1,21,0,ignored,0
127,27,other,135960.0,7771.17,13,1,89.19,4,2,3,21,1,unsubscribed,1
128,18,other,41980.0,399.86,9,36,246.8,0,0,4,190,0,ignored,1
129,28,female,66730.0,4128.77,7,26,407.73,3,0,2,359,1,ignored,0
130,68,female,30810.0,540.65,8,85,423.82,5,3,5,50,0,unsubscribed,0
131,61,female,57770.0,2553.6,19,94,311.67,6,4,5,326,0,unsubscribed,0
132,41,female,43820.0,2009.52,16,66,499.57,5,2,2,337,1,unsubscribed,0
133,20,other,54780.0,2230.31,5,15,492.49,5,4,3,245,0,responded,1
134,52,male,143380.0,3457.27,12,45,126.96,1,1,3,179,0,unsubscribed,1
135,53,male,28910.0,2846.44,12,5,387.75,0,2,1,208,1,ignored,1
136,48,male,38330.0,9626.57,13,71,100.11,7,2,5,296,0,responded,0
137,21,male,44150.0,3588.83,1,18,211.59,3,0,3,274,0,responded,1
138,36,female,76980.0,8952.31,6,94,14.88,3,3,4,352,1,unsubscribed,1
139,64,other,73780.0,1892.31,7,62,108.7,1,0,3,27,0,unsubscribed,0
140,53,female,65910.0,7661.09,14,57,119.57,4,3,4,30,0,unsubscribed,1
141,38,female,155100.0,707.32,6,2,494.0,8,2,5,140,0,responded,0
142,35,other,199640.0,4681.34,19,17,30.41,5,2,4,231,0,unsubscribed,0
143,68,other,116120.0,154.55,13,67,473.47,8,3,2,322,1,unsubscribed,1
144,45,other,189960.0,8121.88,15,79,420.71,6,0,4,303,1,unsubscribed,1
145,32,female,91390.0,9509.81,4,50,21.01,7,0,2,254,0,unsubscribed,0
146,59,male,39200.0,447.56,10,25,77.0,5,2,3,236,0,unsubscribed,1
147,19,female,93580.0,9345.08,6,70,318.22,0,0,2,49,0,responded,1
148,54,female,73300.0,7761.15,2,22,181.89,4,2,5,120,0,responded,0
149,28,other,108810.0,3652.73,2,9,177.27,3,2,5,231,1,ignored,1
150,40,female,138270.0,9097.88,1,73,351.27,8,1,4,52,1,ignored,0
151,61,male,102990.0,3032.95,16,34,497.43,5,3,5,4,0,ignored,0
152,58,male,188330.0,4152.02,11,70,173.03,6,3,1,338,1,responded,1
153,29,female,179260.0,1057.44,13,97,462.29,5,1,4,319,1,unsubscribed,1
154,20,other,146360.0,6603.7,14,1,366.94,5,1,1,5,0,unsubscribed,0
155,69,female,108140.0,393.05,4,44,425.02,0,4,5,82,1,unsubscribed,1
156,34,male,43700.0,4900.56,11,7,259.33,0,2,3,227,1,ignored,1
157,50,male,91460.0,6863.6,10,15,271.31,7,4,3,196,0,responded,0
158,18,female,146790.0,8230.25,6,38,277.77,7,2,5,50,1,ignored,0
159,56,male,71280.0,1584.42,14,93,286.92,8,3,3,114,0,ignored,0
160,37,female,38720.0,7565.49,9,81,80.78,2,4,3,148,1,ignored,1
161,64,male,183420.0,7218.86,18,54,111.45,1,2,5,303,0,unsubscribed,1
162,60,other,147630.0,5639.75,14,30,85.33,7,3,5,339,1,unsubscribed,0
163,69,male,130750.0,5887.98,4,83,103.58,6,3,1,296,0,unsubscribed,0
164,58,female,162650.0,1003.58,1,94,335.83,0,1,2,331,1,ignored,1
165,31,female,170420.0,6044.66,15,4,111.19,0,1,1,126,0,ignored,1
166,48,other,107020.0,3877.07,15,75,440.41,6,4,4,222,1,responded,1
167,42,male,178610.0,8689.05,7,42,68.54,5,0,4,201,1,unsubscribed,0
168,20,female,184960.0,3199.68,16,40,494.48,5,0,3,127,1,ignored,1
169,21,male,68880.0,5808.29,6,97,10.7,7,3,4,99,0,responded,1
170,48,other,129360.00000000001,4323.06,1,33,423.5,0,2,3,188,1,ignored,1
171,52,female,114790.0,8774.99,8,29,10.98,0,4,5,214,1,ignored,0
172,61,other,116830.0,2613.78,8,15,394.88,5,4,2,239,1,ignored,1
173,31,female,188780.0,880.14,18,96,366.55,5,4,5,6,0,responded,0
174,66,male,74930.0,7511.69,1,99,350.32,1,2,5,69,1,responded,0
175,58,female,197020.0,4187.68,16,63,181.93,5,3,5,37,0,responded,0
176,26,other,182380.0,5932.07,12,62,317.27,1,2,3,125,1,unsubscribed,1
177,37,female,102570.0,361.25,12,68,303.71,5,4,3,40,0,responded,0
178,49,other,167140.0,9525.89,19,14,372.37,9,2,2,119,0,unsubscribed,0
179,26,female,158430.0,8788.42,12,19,357.91,7,3,5,86,1,ignored,1
180,44,other,142020.0,6276.29,7,82,131.63,4,0,2,250,0,unsubscribed,1
181,20,male,77570.0,268.6,8,62,357.7,7,4,3,165,1,responded,1
182,21,female,55360.0,3841.97,4,35,163.11,2,0,5,175,1,unsubscribed,0
183,62,male,140870.0,9790.09,6,99,198.9,0,1,2,205,0,responded,1
184,32,female,171740.0,6845.17,18,84,151.01,3,0,4,206,1,ignored,1
185,50,female,22930.0,1693.78,1,69,372.21,8,1,5,196,0,responded,1
186,22,male,135700.0,4659.91,12,76,418.99,2,2,4,174,1,responded,0
187,21,other,99720.0,9670.7,2,22,131.84,2,1,4,41,0,unsubscribed,0
188,63,male,181660.0,5393.61,19,4,261.9,0,0,1,106,0,responded,0
189,29,male,77870.0,343.68,15,35,355.75,3,3,5,185,1,responded,0
190,40,female,105350.0,6235.74,19,84,414.02,0,3,2,287,1,unsubscribed,1
191,31,other,112660.0,2785.04,10,91,366.36,7,0,2,338,1,unsubscribed,1
192,63,other,45280.0,1078.57,7,73,58.6,3,0,2,348,1,responded,0
193,29,male,148320.0,4088.79,5,79,345.2,7,1,4,324,1,responded,0
194,34,male,169490.0,5629.38,12,36,453.65,1,0,5,283,1,unsubscribed,0
195,42,other,30420.0,268.7,18,77,226.57,5,0,1,43,1,ignored,0
196,47,male,72450.0,5634.56,1,82,373.88,5,0,3,204,0,unsubscribed,0
197,39,female,26850.0,5160.91,12,88,481.34,7,0,1,122,0,unsubscribed,0
198,64,female,192180.0,7959.69,19,82,350.04,0,4,2,148,0,responded,0
199,43,male,140090.0,4293.14,9,97,151.97,3,4,1,342,1,unsubscribed,0
200,34,female,193560.0,5579.16,3,50,231.52,3,3,4,101,0,unsubscribed,0
201,37,other,115670.0,7445.89,19,12,239.67,6,1,2,53,1,ignored,1
202,51,male,164370.0,8981.74,7,67,426.03,0,3,1,234,1,responded,0
203,58,female,87390.0,3862.34,15,23,484.45,1,3,1,242,0,responded,1
204,50,male,83690.0,6056.17,12,69,300.67,7,1,3,237,1,ignored,0
205,54,other,88090.0,6976.65,2,42,47.69,6,1,2,232,1,unsubscribed,0
206,24,female,138420.0,528.38,14,43,475.28,8,3,3,110,0,ignored,0
207,39,other,84700.0,8027.53,14,16,497.07,7,0,2,222,1,unsubscribed,0
208,49,male,182070.0,3836.56,2,60,203.83,2,0,3,338,0,unsubscribed,1
209,31,male,196990.0,6735.37,11,61,414.66,6,2,1,14,1,ignored,0
210,25,female,25480.0,4769.47,14,82,222.6,1,2,4,191,0,responded,0
211,42,other,54850.0,7053.16,15,78,350.78,8,2,3,322,1,responded,0
212,33,male,40200.0,7270.88,1,96,30.52,4,3,2,119,1,unsubscribed,0
213,59,other,27630.0,1996.55,12,4,446.44,9,1,5,278,1,responded,1
214,36,other,60990.0,6655.52,8,46,31.95,5,4,5,76,1,ignored,0
215,58,female,100420.0,8528.1,4,26,117.83,8,1,3,341,1,ignored,0
216,33,other,170660.0,2432.12,15,52,288.2,2,4,1,202,0,ignored,0
217,29,male,59930.0,7606.02,1,29,442.5,9,1,3,268,0,ignored,0
218,56,male,108910.0,6374.87,9,83,143.52,1,1,4,136,1,ignored,1
219,65,female,187330.0,9555.75,4,96,53.77,3,4,2,157,0,responded,1
220,47,other,140100.0,2676.44,12,24,406.69,1,0,5,144,0,unsubscribed,0
221,19,male,163650.0,1627.35,2,11,186.06,3,2,2,358,0,ignored,1
222,49,male,119180.0,3190.0,7,14,374.37,8,3,2,348,1,unsubscribed,1
223,62,female,196480.0,2653.79,15,78,104.27,8,3,3,150,0,unsubscribed,1
224,42,other,125960.0,7592.64,5,14,124.1,7,0,1,282,1,ignored,1
225,42,other,28190.0,7357.78,11,84,183.49,9,0,2,217,1,unsubscribed,0
226,21,other,55640.0,6729.88,4,66,394.48,4,3,1,202,0,responded,1
227,36,male,92860.0,2242.15,16,4,469.79,7,4,4,74,0,unsubscribed,0
228,65,male,128229.99999999999,8631.89,7,13,395.73,1,3,4,252,1,unsubscribed,1
229,21,female,158950.0,9570.06,12,9,13.81,3,1,1,130,0,ignored,0
230,60,male,94360.0,5362.9,3,11,406.14,0,4,3,349,0,responded,0
231,30,female,147810.0,6528.79,4,7,321.85,0,0,3,121,1,ignored,0
232,56,female,162180.0,5056.85,18,53,401.28,3,3,3,232,0,ignored,0
233,53,other,77110.0,2907.22,11,32,290.44,8,0,5,293,1,responded,1
234,40,female,196270.0,2932.86,1,44,24.04,3,4,4,221,0,ignored,1
235,23,other,136940.0,3202.86,7,96,403.53,1,1,4,44,1,unsubscribed,0
236,41,other,178580.0,1989.42,2,22,47.42,4,1,2,196,0,responded,1
237,61,male,120070.0,9029.04,15,14,180.64,9,0,1,10,0,responded,1
238,50,male,153490.0,8598.14,4,72,274.89,6,4,5,164,1,ignored,1
239,29,female,158700.0,4670.23,18,46,150.08,6,1,5,7,0,responded,0
240,58,female,183480.0,3735.79,8,29,382.26,6,1,2,231,0,ignored,1
241,38,female,47060.0,9396.88,15,83,487.32,1,1,1,82,0,unsubscribed,1
242,28,female,120490.0,2301.5,12,30,236.66,1,4,3,86,1,ignored,1
243,61,male,97110.0,5580.07,14,62,476.85,8,1,2,126,0,ignored,0
244,55,female,186170.0,639.53,1,27,459.35,7,4,3,204,1,responded,1
245,46,other,38920.0,1992.9,1,51,410.95,0,0,3,297,1,responded,1
246,65,male,196860.0,6079.87,19,16,366.16,6,4,3,264,1,ignored,0
247,58,other,177580.0,6655.62,18,47,19.81,6,0,3,28,1,unsubscribed,1
248,20,female,33290.0,5851.86,10,66,451.79,3,0,4,298,1,ignored,0
249,45,male,108370.0,8709.05,6,52,290.57,3,1,2,320,1,unsubscribed,1
250,37,other,149160.0,9934.71,13,26,74.47,8,0,5,347,1,ignored,0
251,43,male,152870.0,7662.23,18,19,348.79,2,0,1,203,1,responded,1
252,41,other,183170.0,4704.41,4,40,143.23,8,2,4,229,1,unsubscribed,1
253,69,male,163980.0,8355.95,4,49,348.95,1,2,2,294,0,ignored,0
254,64,other,75970.0,1291.84,3,46,49.41,3,2,3,97,0,unsubscribed,1
255,38,other,109720.0,6864.38,6,23,487.78,4,3,4,6,1,unsubscribed,1
256,47,other,146320.0,5231.54,7,28,42.6,4,4,1,253,1,ignored,0
257,21,male,44920.0,1862.85,9,76,435.18,3,4,3,314,0,unsubscribed,0
258,53,other,54920.0,9732.04,1,45,164.79,3,2,2,202,1,ignored,1
259,57,other,106590.0,3450.53,13,39,153.62,3,1,4,347,1,ignored,1
260,27,female,73680.0,6192.69,7,1,203.54,4,2,3,44,1,unsubscribed,1
261,27,other,175260.0,8798.08,8,10,388.55,7,4,4,295,0,ignored,0
262,59,female,125530.0,5116.22,10,23,107.88,9,2,3,89,1,responded,1
263,41,male,82760.0,1239.86,7,70,229.07,3,1,3,133,0,unsubscribed,1
264,21,other,172790.0,8205.52,6,24,249.51,2,4,3,75,1,responded,0
265,64,male,164880.0,3596.82,5,71,454.69,1,0,4,218,0,responded,1
266,44,female,199700.0,9832.36,8,87,281.88,2,1,5,125,0,responded,0
267,68,female,172520.0,8849.87,16,88,322.94,3,3,1,310,0,responded,1
268,62,male,94600.0,8549.15,4,66,448.1,9,2,4,176,0,responded,0
269,21,other,42950.0,3626.91,8,56,173.34,2,4,2,28,0,responded,0
270,49,male,171320.0,7595.58,9,56,45.4,6,1,1,90,0,ignored,0
271,27,female,30760.0,9864.66,19,27,396.37,5,3,1,28,0,ignored,1
272,28,female,83050.0,5310.58,15,32,381.78,7,4,3,131,0,unsubscribed,1
273,45,other,185550.0,4760.25,8,20,168.91,6,4,2,319,1,responded,0
274,63,female,192940.0,245.19,3,62,474.5,7,2,4,364,0,ignored,1
275,25,other,135300.0,7032.02,3,26,418.51,1,1,3,2,0,responded,0
276,57,other,143960.0,8598.93,17,72,11.38,9,0,2,265,0,unsubscribed,0
277,39,other,27640.0,2549.83,14,12,61.78,2,4,2,360,1,ignored,0
278,51,female,112610.0,3218.74,14,58,237.63,3,1,1,57,1,ignored,1
279,62,male,118440.0,5056.7,2,56,456.05,8,3,2,311,1,ignored,0
280,52,male,81220.0,813.59,14,18,96.37,1,0,5,61,0,responded,1
281,52,female,32350.0,987.46,11,55,337.79,7,4,2,314,0,responded,1
282,42,male,61200.0,4269.0,14,1,435.33,2,2,5,22,0,ignored,1
283,51,male,84440.0,2686.07,7,12,465.64,2,2,3,130,0,responded,0
284,23,female,98330.0,4119.77,19,37,331.47,7,0,4,62,0,unsubscribed,1
285,58,male,126370.0,4598.42,8,78,182.89,8,4,4,5,1,ignored,1
286,54,female,150030.0,9765.11,14,9,188.27,0,4,5,274,1,ignored,1
287,18,other,77170.0,9448.17,4,64,383.5,3,3,1,132,1,responded,1
288,29,other,79210.0,1483.33,11,11,436.71,9,3,4,287,1,responded,0
289,52,male,23540.0,8837.6,4,90,481.32,6,2,2,173,1,unsubscribed,0
290,23,female,27360.0,894.05,6,10,382.03,6,2,4,307,1,ignored,0
291,34,other,66410.0,5125.59,6,85,283.81,7,4,3,88,1,unsubscribed,1
292,26,female,153240.0,1722.71,2,5,457.4,4,1,2,81,0,unsubscribed,1
293,19,female,133100.0,3722.33,19,60,471.97,9,3,3,128,1,ignored,1
294,35,female,158560.0,7459.07,1,40,239.12,4,0,4,346,1,unsubscribed,0
295,66,male,158410.0,4302.6,13,81,474.71,3,0,1,92,1,ignored,1
296,53,other,174180.0,8088.82,14,83,305.59,8,0,2,16,1,responded,0
297,45,male,149660.0,7216.28,3,79,210.42,7,2,3,25,0,ignored,0
298,58,female,196220.0,9434.11,19,88,442.58,9,1,5,258,0,responded,1
299,54,other,181790.0,5388.14,17,53,215.65,2,0,3,181,1,responded,1
300,66,male,125610.0,8041.26,4,49,186.57,8,2,5,267,1,responded,1
301,43,other,125870.0,3296.78,13,31,411.17,9,3,5,330,0,unsubscribed,0
302,21,male,26170.0,3522.88,9,4,487.78,1,3,1,330,1,unsubscribed,0
303,57,female,199730.0,4065.05,4,11,334.83,2,1,5,130,1,responded,0
304,53,other,43680.0,4168.07,10,33,168.63,5,2,2,75,1,unsubscribed,0
305,68,female,153260.0,1122.21,13,22,419.47,3,4,4,42,1,unsubscribed,0
306,48,female,167780.0,5239.08,18,42,457.81,1,3,3,107,1,ignored,1
307,47,other,87150.0,1058.35,12,98,83.04,6,2,2,30,1,ignored,1
308,67,other,55430.0,8908.65,16,19,161.62,1,1,5,77,1,responded,1
309,51,male,37780.0,712.26,1,98,312.37,8,3,2,193,0,ignored,0
310,36,male,154750.0,4551.97,14,52,172.97,5,2,2,350,0,responded,1
311,35,female,101480.0,2918.47,7,77,312.85,9,4,1,67,0,unsubscribed,0
312,47,male,148470.0,1633.21,5,64,415.34,3,4,5,70,0,unsubscribed,1
313,38,other,184770.0,7859.98,2,53,77.86,3,1,2,17,0,responded,0
314,20,other,46390.0,7177.83,4,67,315.85,7,3,3,15,1,unsubscribed,1
315,23,other,185450.0,1544.88,10,90,335.05,6,1,1,11,0,ignored,0
316,55,female,94090.0,6364.38,15,95,438.16,4,4,2,133,0,ignored,1
317,30,male,74950.0,7946.3,19,52,359.32,5,1,3,7,1,responded,0
318,62,male,189750.0,7755.99,15,93,396.61,5,3,3,109,1,ignored,1
319,20,male,198320.0,1013.57,19,42,91.1,2,3,5,152,1,ignored,0
320,65,male,55800.0,6886.58,10,18,74.91,3,2,2,86,0,unsubscribed,1
321,45,male,138230.0,7188.64,3,15,453.21,8,2,5,261,1,responded,1
322,39,male,39170.0,8635.45,11,60,91.1,5,0,3,56,1,responded,1
323,57,male,137160.0,5129.64,18,61,191.48,9,2,2,105,0,unsubscribed,0
324,57,female,168920.0,4664.83,2,14,397.18,3,0,5,258,1,responded,1
325,29,male,143210.0,9654.65,18,98,39.62,4,2,5,206,0,unsubscribed,0
326,40,male,95120.0,7985.47,15,23,264.81,9,3,4,172,0,responded,1
327,48,male,88950.0,5631.44,16,62,277.49,6,3,1,42,1,responded,1
328,35,female,90760.0,3373.11,19,89,11.99,2,1,3,351,1,responded,0
329,24,male,126150.0,8467.86,19,31,202.64,8,3,3,105,1,unsubscribed,1
330,25,female,178680.0,4608.82,12,11,454.51,5,3,5,78,1,unsubscribed,1
331,36,female,187230.0,1017.58,6,4,218.86,5,0,3,348,0,unsubscribed,0
332,46,female,29640.0,4603.55,12,32,457.61,8,1,3,40,1,ignored,0
333,61,other,52690.0,8732.49,7,33,164.72,9,3,2,263,0,responded,0
334,37,male,40200.0,4537.99,10,14,257.61,9,3,4,297,1,ignored,1
335,67,other,54800.0,242.06,12,50,423.09,8,4,2,18,1,ignored,0
336,59,male,82390.0,6153.7,16,40,490.91,7,3,2,131,0,responded,1
337,47,female,111180.0,9958.72,13,1,382.0,1,4,3,107,1,unsubscribed,1
338,64,female,133300.0,8190.76,13,25,178.39,9,2,3,196,0,responded,1
339,39,male,151790.0,6210.66,14,85,163.83,6,2,3,253,0,ignored,0
340,27,male,180220.0,9152.55,6,44,37.97,8,3,2,126,1,unsubscribed,1
341,43,female,198040.0,8154.46,19,91,109.43,7,1,2,43,0,responded,0
342,68,male,139310.0,5036.53,10,92,382.27,8,3,4,217,0,responded,1
343,50,male,172170.0,5953.08,9,88,213.27,5,2,5,125,0,responded,0
344,45,other,160050.0,7339.8,9,91,86.7,7,4,2,334,0,responded,0
345,27,female,75360.0,8479.62,9,74,155.82,0,4,3,4,0,unsubscribed,1
346,46,other,177620.0,675.95,1,98,298.51,8,2,2,83,1,unsubscribed,0
347,61,female,27700.0,7770.56,1,91,478.73,8,3,1,342,1,unsubscribed,0
348,35,other,20070.0,4530.28,13,42,480.12,3,2,2,232,0,unsubscribed,1
349,59,male,69270.0,6641.91,19,32,65.88,2,2,2,102,1,unsubscribed,1
350,18,male,103180.0,7669.87,16,41,125.77,5,4,1,188,1,unsubscribed,0
351,40,female,134910.0,5441.07,13,96,303.47,7,4,4,280,1,ignored,1
352,34,female,38320.0,1669.3,18,9,456.91,7,2,2,335,1,ignored,0
353,60,female,141140.0,4154.32,10,50,490.93,6,4,1,82,0,unsubscribed,0
354,54,other,164330.0,861.04,14,37,366.29,0,3,1,89,1,unsubscribed,0
355,48,female,53360.0,6924.08,3,82,211.7,3,3,1,355,1,unsubscribed,1
356,42,male,94720.0,9541.69,1,95,437.67,2,0,4,15,1,ignored,1
357,21,female,113600.0,7973.0,10,2,215.47,9,2,1,133,1,unsubscribed,0
358,69,male,101330.0,3958.89,7,59,336.76,4,1,5,121,1,unsubscribed,1
359,26,other,163970.0,5884.49,4,30,249.92,5,3,3,31,1,ignored,1
360,45,male,192890.0,3111.59,7,81,391.94,9,4,5,93,1,unsubscribed,1
361,47,male,163810.0,5456.35,2,85,370.44,1,2,2,182,1,responded,1
362,64,other,34040.0,3077.2,2,9,201.44,9,1,4,227,0,ignored,1
363,41,male,164890.0,7409.42,6,37,59.4,1,1,4,338,0,ignored,0
364,50,other,31990.0,2667.48,2,94,476.37,0,1,4,290,0,ignored,1
365,37,other,62470.0,9643.8,2,60,460.12,4,1,2,35,1,ignored,0
366,26,other,47560.0,6653.29,4,16,99.12,4,3,1,186,0,ignored,1
367,25,male,55550.0,780.9,6,14,109.62,0,0,2,150,0,ignored,0
368,41,other,115100.0,206.7,19,26,395.98,2,4,1,82,0,ignored,0
369,31,female,140900.0,9970.76,2,81,395.51,3,3,1,15,0,ignored,0
370,35,male,104660.0,2283.01,4,51,483.09,0,0,5,353,1,ignored,0
371,18,male,192750.0,3194.37,14,12,498.82,8,3,1,236,0,unsubscribed,1
372,29,female,63250.0,2163.3,3,47,254.2,2,4,2,25,1,responded,1
373,46,female,157370.0,9288.21,16,3,480.58,8,3,1,353,1,responded,0
374,54,female,176630.0,6554.93,12,34,409.83,8,4,2,256,1,responded,1
375,43,female,121170.0,5093.42,2,93,380.62,5,2,4,255,1,unsubscribed,0
376,50,other,102120.0,5620.74,10,91,189.32,9,3,5,261,1,responded,0
377,60,male,127310.0,3246.94,10,42,426.69,2,2,1,257,0,ignored,0
378,32,male,97190.0,6180.33,12,2,460.36,6,3,4,81,1,unsubscribed,1
379,40,female,119930.0,4254.04,17,27,369.66,0,2,4,291,0,unsubscribed,0
380,46,other,95050.0,2072.36,10,73,326.78,4,2,2,338,1,ignored,1
381,38,other,92080.0,6600.39,1,84,323.8,6,2,4,100,0,unsubscribed,1
382,36,female,145160.0,3801.02,5,28,86.28,5,1,4,122,1,ignored,1
383,22,female,36710.0,7872.16,12,23,117.76,7,0,1,73,0,ignored,0
384,40,female,49980.0,4212.41,4,90,122.18,6,0,3,94,0,unsubscribed,0
385,53,female,173220.0,5131.89,13,89,89.71,8,2,1,28,0,unsubscribed,1
386,37,other,158790.0,7895.92,3,85,244.22,1,1,3,74,0,ignored,1
387,25,male,70660.0,4533.99,1,37,42.79,0,1,4,182,1,responded,1
388,26,other,87910.0,9665.59,5,25,150.84,9,4,3,166,1,ignored,1
389,31,male,186680.0,7950.98,11,31,405.64,8,1,4,182,0,ignored,1
390,23,male,167250.0,8281.66,4,13,463.17,4,2,1,53,0,ignored,1
391,18,male,130580.00000000001,9543.81,12,53,434.05,4,4,2,150,0,unsubscribed,0
392,26,other,59870.0,3949.62,10,57,165.41,5,0,3,150,1,responded,0
393,33,female,27970.0,5842.79,6,93,269.36,4,0,5,173,0,unsubscribed,0
394,33,female,97630.0,6966.56,2,69,467.5,1,3,2,300,1,responded,1
395,29,other,141070.0,6767.24,4,66,287.67,3,2,3,164,1,responded,1
396,22,other,169130.0,9534.07,11,70,135.06,5,3,4,361,1,unsubscribed,1
397,57,male,173480.0,2954.65,17,45,345.45,3,0,4,29,0,responded,1
398,46,other,25900.0,2984.48,2,86,320.2,7,1,4,89,0,unsubscribed,1
399,63,male,63950.0,9188.24,4,25,50.02,8,4,4,133,1,responded,1
400,44,other,81040.0,8013.13,14,9,387.38,9,3,4,66,1,ignored,0
401,28,female,53970.0,2113.23,5,31,54.19,1,2,1,282,1,unsubscribed,1
402,64,female,164540.0,5743.46,9,33,317.99,1,0,3,25,0,ignored,1
403,67,female,158140.0,7483.06,6,86,348.35,2,0,2,165,1,ignored,1
404,45,other,113030.0,3595.06,11,68,300.67,2,4,3,339,0,unsubscribed,0
405,69,male,196930.0,4400.38,1,58,192.9,7,0,3,299,1,unsubscribed,0
406,53,female,45930.0,5796.43,4,85,306.82,9,3,1,16,0,unsubscribed,1
407,59,male,181940.0,4724.37,9,82,280.77,5,0,1,41,0,unsubscribed,0
408,36,female,40960.0,7555.12,14,18,301.65,6,0,4,360,1,unsubscribed,1
409,52,male,49370.0,158.79,1,76,406.78,0,4,4,1,1,unsubscribed,0
410,69,other,145320.0,4402.86,11,19,414.73,8,1,3,141,0,responded,0
411,48,other,39720.0,3442.06,6,36,380.8,9,2,1,258,0,unsubscribed,0
412,61,male,121850.0,6130.72,9,59,246.33,5,2,2,49,1,unsubscribed,0
413,36,other,95640.0,7781.99,14,86,183.99,4,3,3,189,1,responded,1
414,63,male,151130.0,853.84,3,44,440.36,5,2,1,204,1,ignored,1
415,41,other,182120.0,1664.79,1,64,439.61,2,4,3,126,1,unsubscribed,1
416,19,other,158580.0,6684.31,13,99,408.68,6,4,1,76,0,ignored,1
417,24,male,172940.0,7410.18,8,98,443.33,5,0,3,236,1,responded,0
418,60,female,25930.0,5923.2,17,74,203.68,6,0,2,195,1,ignored,1
419,66,female,75840.0,9829.75,16,28,271.88,6,3,1,213,0,ignored,0
420,48,female,112780.0,5044.67,18,88,289.25,1,1,5,154,1,unsubscribed,0
421,34,male,94870.0,1449.29,1,64,361.78,2,0,4,293,0,ignored,0
422,44,female,61630.0,6894.28,1,52,393.26,3,4,1,257,1,responded,1
423,53,other,75420.0,6060.55,12,60,285.47,2,0,3,227,0,ignored,0
424,67,female,190180.0,5945.17,11,37,452.34,5,3,4,337,0,unsubscribed,1
425,60,other,72950.0,5503.95,7,49,120.08,9,3,3,345,1,unsubscribed,1
426,27,female,83700.0,9397.05,19,98,210.25,2,0,1,185,0,ignored,1
427,62,female,20670.0,1378.65,2,12,38.07,9,1,3,24,1,responded,1
428,31,male,172110.0,824.65,6,73,491.14,2,2,1,342,1,unsubscribed,0
429,24,other,47870.0,1625.76,18,94,402.65,3,4,1,174,0,responded,0
430,56,other,56750.0,2525.4,11,34,70.53,0,1,4,145,1,unsubscribed,1
431,57,other,65950.0,5970.17,13,48,173.63,0,3,1,60,1,ignored,0
432,26,female,179230.0,6163.01,10,15,271.82,9,4,2,70,1,responded,1
433,31,female,57160.0,2402.76,18,95,155.33,5,4,5,13,1,unsubscribed,1
434,25,male,163550.0,4943.33,4,32,67.77,7,2,2,259,1,responded,0
435,34,male,165450.0,4872.41,9,88,303.37,3,3,1,172,1,responded,0
436,40,male,186860.0,4585.8,3,64,119.58,9,2,5,50,1,responded,0
437,33,female,40800.0,8055.1,11,44,320.13,9,2,3,99,1,ignored,1
438,43,male,59110.0,4769.76,7,22,348.52,0,1,3,64,0,ignored,1
439,26,other,153720.0,7607.82,1,3,408.91,5,3,2,249,0,ignored,1
440,53,male,55280.0,1748.16,5,27,228.83,4,3,4,163,1,responded,0
441,24,female,71540.0,5366.48,5,10,352.17,1,1,5,288,1,ignored,1
442,35,male,50010.0,8258.64,13,2,27.22,0,3,5,56,1,unsubscribed,0
443,25,other,51090.0,1859.39,1,57,319.16,0,1,4,84,0,ignored,1
444,38,other,106680.0,4702.73,4,68,222.93,0,3,3,295,0,responded,1
445,43,other,39740.0,6129.89,8,82,406.44,4,0,1,187,1,unsubscribed,0
446,20,female,77910.0,1929.27,18,2,494.07,9,3,3,313,0,unsubscribed,1
447,34,other,96790.0,7591.98,12,31,153.29,4,0,1,64,0,unsubscribed,1
448,68,male,24420.0,882.06,3,35,448.28,0,2,3,88,1,responded,1
449,63,male,89900.0,9469.51,13,98,61.94,8,2,5,74,1,responded,1
450,41,other,36940.0,4735.39,17,48,231.67,7,2,5,63,0,responded,1
451,42,female,108840.0,3427.62,3,49,350.69,1,4,1,151,0,ignored,0
452,22,other,168630.0,1256.39,13,11,432.93,8,2,3,339,0,responded,0
453,54,male,167320.0,4382.71,10,7,118.39,9,0,1,304,0,unsubscribed,1
454,62,male,34480.0,6632.06,4,6,251.39,6,1,1,306,1,responded,1
455,67,other,128220.0,1035.42,1,43,488.2,4,1,3,315,1,unsubscribed,0
456,41,female,170230.0,3132.06,14,71,371.26,8,4,1,354,0,responded,0
457,48,male,62840.0,8376.57,6,39,203.06,9,3,1,120,0,unsubscribed,0
458,43,female,157150.0,6497.19,19,6,253.8,6,2,3,239,1,unsubscribed,1
459,38,other,180340.0,2143.09,4,61,460.63,4,3,2,338,0,unsubscribed,1
460,51,male,165100.0,1693.01,11,31,248.53,7,1,2,349,0,unsubscribed,0
461,55,male,39310.0,9054.4,13,60,38.46,0,0,4,62,0,ignored,1
462,41,male,21630.0,2941.5,10,9,110.3,4,4,2,206,1,ignored,0
463,45,male,54510.0,1877.05,17,64,11.84,3,4,3,154,0,ignored,0
464,47,male,68690.0,9999.64,7,82,245.31,4,4,1,35,0,responded,0
465,51,male,130910.0,3161.0,13,87,486.97,9,2,3,14,0,unsubscribed,0
466,69,other,89170.0,1334.93,16,4,403.21,9,4,5,219,0,responded,1
467,69,male,146610.0,4671.4,7,16,30.23,6,0,3,34,1,unsubscribed,1
468,40,male,83550.0,4400.02,18,95,466.12,1,0,2,338,1,unsubscribed,0
469,25,other,47800.0,9275.34,7,7,64.55,3,4,4,185,1,ignored,1
470,59,male,76280.0,1428.63,6,94,21.27,2,1,1,242,0,ignored,1
471,67,male,179180.0,1002.25,13,23,113.68,8,1,1,182,0,responded,0
472,27,other,192540.0,1020.49,3,11,255.08,5,4,2,241,1,responded,0
473,18,male,57350.0,9052.45,1,29,48.1,0,2,4,53,0,ignored,1
474,37,male,161920.0,4548.75,18,8,392.86,6,1,5,363,0,unsubscribed,1
475,54,other,69200.0,1591.0,11,92,18.57,7,4,4,101,1,unsubscribed,1
476,35,male,179680.0,5978.92,1,84,116.9,8,0,4,327,1,responded,1
477,38,other,49800.0,5422.47,5,3,303.22,2,3,2,209,0,responded,1
478,66,male,139870.0,2064.23,9,72,211.18,8,1,4,158,1,responded,0
479,21,male,35160.0,6070.08,19,77,235.6,6,2,1,143,1,ignored,0
480,60,other,195300.0,3468.29,14,52,338.29,4,3,4,292,1,responded,1
481,19,female,146110.0,2459.87,8,20,186.22,8,3,2,226,0,unsubscribed,1
482,38,other,171530.0,5152.97,9,95,127.92,5,2,4,10,1,unsubscribed,1
483,54,female,122000.0,2987.33,17,31,459.93,9,2,4,94,0,ignored,1
484,22,female,105820.0,2299.19,11,28,179.14,4,4,1,323,0,unsubscribed,1
485,34,male,131940.0,8809.25,16,16,244.23,7,0,1,79,1,unsubscribed,0
486,66,other,115170.0,1642.05,17,48,411.78,0,2,2,136,0,unsubscribed,0
487,65,female,104490.0,2877.84,2,24,320.07,4,2,3,258,0,responded,0
488,28,female,156700.0,3922.77,3,59,314.01,8,3,1,235,1,unsubscribed,0
489,63,female,52080.0,2809.02,17,95,323.02,1,1,2,238,1,unsubscribed,0
490,58,female,50810.0,2186.04,12,84,407.08,1,1,4,203,1,unsubscribed,0
491,48,other,97730.0,7734.35,16,9,267.67,7,2,1,143,1,ignored,0
492,45,male,77730.0,3357.26,16,14,47.17,9,0,5,341,0,unsubscribed,1
493,61,male,33340.0,1213.88,6,39,336.1,8,2,2,93,1,responded,0
494,49,female,172000.0,5454.86,3,39,90.85,7,0,5,177,0,unsubscribed,1
495,38,male,158890.0,1342.34,13,3,416.07,5,3,1,230,0,unsubscribed,1
496,24,female,117910.0,3639.44,13,43,86.71,5,4,5,363,1,responded,1
497,27,male,196280.0,8830.08,15,52,478.66,9,3,3,327,1,ignored,0
498,45,male,33070.0,3754.7,2,69,358.07,4,4,1,237,0,unsubscribed,1
499,65,other,158000.0,6361.84,12,39,139.06,8,3,4,117,0,ignored,0
500,53,female,67950.0,5194.79,15,70,111.66,1,2,2,112,1,unsubscribed,0
501,37,other,86350.0,1463.48,15,60,440.35,7,2,5,332,0,unsubscribed,1
502,30,male,59470.0,6525.79,12,64,122.99,1,0,3,279,1,ignored,1
503,36,female,162030.0,8574.75,7,54,211.81,9,2,5,23,0,responded,0
504,67,female,45960.0,1022.8,3,63,235.56,5,1,1,23,0,ignored,1
505,28,female,171200.0,7561.43,10,34,70.94,1,2,5,114,0,unsubscribed,0
506,52,female,139080.0,6933.09,11,89,370.38,3,1,2,355,0,ignored,0
507,51,female,30620.0,8679.94,18,93,62.76,0,3,5,144,0,unsubscribed,0
508,61,female,165980.0,1130.51,7,86,428.63,2,3,5,254,0,unsubscribed,0
509,21,male,133000.0,3126.38,7,45,270.56,7,4,4,157,1,ignored,1
510,30,female,182900.0,6973.49,12,15,312.18,9,4,3,153,1,unsubscribed,1
511,54,male,154770.0,317.98,17,69,416.14,4,2,5,311,0,ignored,1
512,19,other,121000.0,7367.35,14,82,174.76,9,2,4,332,1,responded,1
513,67,male,170580.0,8593.99,15,80,482.92,1,4,5,298,1,unsubscribed,1
514,18,other,70050.0,4587.71,8,26,309.78,2,2,5,264,0,responded,1
515,57,female,118450.0,4399.87,17,64,70.88,3,1,3,38,1,ignored,1
516,42,male,72850.0,2856.84,7,37,151.01,6,3,5,349,0,unsubscribed,1
517,54,male,194280.0,150.01,9,13,253.17,8,0,3,264,1,responded,0
518,53,male,60720.0,1944.4,16,39,345.53,5,0,5,182,1,ignored,0
519,23,other,22830.0,9800.65,3,60,109.06,6,3,3,129,1,unsubscribed,1
520,24,female,78650.0,8686.13,11,94,219.21,1,0,5,236,0,ignored,1
521,21,male,110450.0,2738.4,10,31,62.76,0,0,3,358,1,ignored,1
522,52,other,25110.0,9641.11,11,99,98.47,0,1,1,221,1,unsubscribed,1
523,58,male,120660.0,3740.35,9,84,381.48,1,3,5,127,0,ignored,1
524,51,male,177370.0,3046.1,11,84,308.59,5,4,4,158,1,responded,1
525,46,male,146850.0,1612.8,11,32,231.6,7,3,5,69,0,ignored,1
526,22,male,132130.0,9025.95,18,76,13.5,7,2,5,10,1,unsubscribed,1
527,44,other,192070.0,9871.23,4,8,42.4,0,2,4,136,1,ignored,0
528,50,female,192490.0,3341.37,5,70,384.15,4,3,5,339,1,unsubscribed,0
529,63,female,168370.0,7063.96,5,78,55.98,4,0,1,95,1,responded,0
530,69,male,129389.99999999999,3419.5,18,63,387.81,3,1,4,334,0,ignored,1
531,27,other,107800.0,1139.41,18,99,364.84,8,2,4,110,0,unsubscribed,0
532,23,female,22400.0,3987.65,16,47,261.73,7,4,3,256,1,unsubscribed,0
533,51,female,129130.0,5560.54,9,33,185.85,7,1,3,360,0,responded,0
534,25,male,198040.0,1317.87,2,33,451.11,4,4,4,35,0,ignored,0
535,48,male,167260.0,8200.9,16,29,96.53,2,0,4,112,1,responded,1
536,26,other,81310.0,5023.89,10,13,428.96,2,4,5,106,1,ignored,0
537,38,female,47370.0,2420.39,12,94,384.1,2,4,1,174,1,unsubscribed,1
538,25,male,161130.0,5968.32,17,75,337.19,4,2,3,236,1,unsubscribed,1
539,21,other,153910.0,7953.27,16,56,471.76,1,0,2,217,1,unsubscribed,0
540,39,other,194070.0,3343.48,17,74,498.1,2,4,5,144,0,unsubscribed,1
541,45,other,177470.0,7044.62,17,50,396.73,4,1,5,336,0,ignored,0
542,62,female,120020.0,4335.81,3,20,122.1,4,3,1,342,0,unsubscribed,0
543,21,female,38230.0,9644.11,9,87,345.63,2,3,3,56,1,responded,1
544,56,female,107030.0,7732.31,2,24,206.19,7,2,2,151,0,responded,0
545,38,other,76470.0,3627.87,17,31,69.95,3,4,3,147,0,ignored,0
546,25,other,112230.0,275.7,15,61,425.9,2,1,3,11,1,ignored,1
547,37,male,74310.0,6609.45,9,53,174.02,1,1,1,256,0,ignored,0
548,49,male,175130.0,2058.93,2,14,482.58,7,4,5,347,1,responded,0
549,18,female,171980.0,1306.6,15,32,407.45,0,4,1,27,0,responded,0
550,23,female,76780.0,9324.59,14,59,402.03,4,0,3,329,1,unsubscribed,1
551,45,male,127920.0,9999.49,1,17,415.19,4,3,2,9,0,responded,1
552,61,female,97430.0,2771.9,13,19,209.98,9,4,5,163,1,ignored,1
553,48,male,183640.0,3087.51,9,2,50.28,5,4,1,349,1,responded,1
554,27,male,53720.0,1733.39,1,16,497.57,4,1,4,167,1,responded,0
555,37,male,145590.0,4631.08,1,33,482.43,9,2,2,128,1,responded,0
556,25,other,194670.0,8671.85,11,79,239.17,3,3,4,361,1,ignored,0
557,39,female,51550.0,7044.91,12,74,415.96,2,3,3,357,0,unsubscribed,0
558,55,other,56350.0,8478.68,5,7,243.91,1,3,2,27,0,unsubscribed,1
559,46,female,144870.0,2361.97,19,68,463.81,5,0,2,143,1,responded,0
560,26,other,160250.0,7331.52,18,71,206.03,3,3,5,316,0,unsubscribed,0
561,61,female,108300.0,9193.41,7,80,440.54,5,1,3,161,0,ignored,1
562,64,female,129740.00000000001,2886.02,19,94,16.34,7,4,1,52,1,unsubscribed,0
563,18,male,58280.0,6937.47,16,86,177.24,3,1,2,232,1,responded,0
564,58,other,105790.0,4066.51,10,52,312.07,8,0,1,101,1,unsubscribed,1
565,69,other,40170.0,2973.24,8,75,428.87,5,0,3,213,1,responded,1
566,56,female,77860.0,9699.27,3,59,53.46,7,1,3,186,0,ignored,1
567,43,other,71260.0,3551.47,1,78,46.59,8,2,4,4,1,unsubscribed,1
568,28,female,100030.0,1167.71,18,92,396.06,3,2,1,125,0,ignored,0
569,69,female,187420.0,3947.03,7,27,287.39,9,0,1,288,1,ignored,1
570,52,male,52630.0,4532.02,13,27,74.64,5,2,5,143,1,unsubscribed,0
571,41,female,92250.0,7546.89,15,69,243.92,5,1,3,258,1,unsubscribed,1
572,50,other,130810.0,9504.15,15,60,110.27,4,0,3,33,0,responded,1
573,37,male,190380.0,8188.86,8,30,378.18,3,3,3,247,0,ignored,0
574,44,female,43970.0,9316.32,10,49,409.65,8,2,3,114,1,ignored,0
575,32,male,185220.0,4803.1,8,93,225.91,9,2,5,140,1,unsubscribed,0
576,50,male,34590.0,7221.23,14,62,484.25,8,1,4,306,1,unsubscribed,1
577,69,female,106530.0,3159.59,2,61,321.34,0,1,3,323,0,unsubscribed,0
578,24,other,101830.0,788.91,4,16,137.23,4,1,2,262,1,responded,0
579,51,female,57730.0,3718.19,3,92,42.31,2,2,4,144,1,ignored,0
580,62,female,82540.0,7009.36,8,41,351.68,5,2,5,24,0,unsubscribed,1
581,68,female,101750.0,2818.76,3,33,299.1,9,0,4,307,1,unsubscribed,1
582,63,female,175740.0,8627.92,8,46,178.15,2,2,4,271,1,unsubscribed,1
583,59,female,191910.0,7928.65,4,15,371.87,5,0,5,235,0,ignored,1
584,22,other,113410.0,2021.02,1,69,28.98,1,1,2,320,1,responded,1
585,47,male,176620.0,3375.28,5,90,427.62,9,3,3,149,0,responded,0
586,45,other,129470.0,8270.5,12,97,103.42,8,2,2,105,1,responded,1
587,35,female,82840.0,2514.98,16,13,26.23,8,1,3,255,0,responded,1
588,53,male,54950.0,3382.86,10,45,447.04,3,3,5,52,1,unsubscribed,0
589,20,male,94360.0,3496.36,7,60,312.78,6,1,1,21,0,responded,1
590,38,male,114110.0,8030.32,6,43,70.97,2,3,5,223,1,unsubscribed,0
591,63,other,28000.0,466.6,2,64,317.52,5,2,4,317,0,unsubscribed,1
592,33,other,46250.0,830.49,6,53,445.63,8,1,3,52,0,ignored,1
593,54,other,128030.0,5826.67,17,14,296.68,2,2,5,322,1,ignored,1
594,59,female,60500.0,4031.41,13,53,378.02,5,0,2,215,0,ignored,0
595,22,other,170720.0,6365.56,15,51,448.87,0,1,1,185,1,unsubscribed,0
596,67,other,78850.0,2737.97,9,51,458.89,7,3,2,294,1,responded,0
597,68,other,38870.0,9104.87,12,70,79.83,0,1,2,277,0,unsubscribed,0
598,31,male,35040.0,7633.32,15,88,379.8,8,4,4,251,1,ignored,0
599,48,male,188680.0,770.69,3,95,430.53,9,4,3,305,0,unsubscribed,0
600,63,female,41240.0,7860.66,17,93,491.72,2,0,3,237,0,ignored,1
601,41,male,45360.0,9698.87,12,55,433.35,4,1,5,298,1,ignored,0
602,52,female,175280.0,9430.11,5,86,344.63,1,1,4,75,0,ignored,0
603,53,male,65770.0,7381.29,19,84,144.56,0,3,5,229,1,ignored,0
604,27,female,139870.0,1323.58,7,89,162.61,1,3,3,228,1,unsubscribed,1
605,44,female,167010.0,5803.16,2,48,397.19,9,3,4,171,0,ignored,1
606,44,male,129289.99999999999,2913.9,5,88,213.04,9,1,3,15,0,responded,1
607,40,male,192350.0,9705.11,8,46,426.4,4,1,4,287,0,ignored,0
608,30,other,147600.0,7203.11,8,63,240.74,1,4,1,176,0,ignored,1
609,33,other,40300.0,6146.58,17,11,336.2,8,2,1,193,0,ignored,0
610,52,female,120510.0,6981.37,3,95,478.25,8,3,3,355,0,responded,1
611,44,female,149270.0,4435.99,13,97,114.02,9,2,4,6,1,unsubscribed,0
612,69,female,164350.0,3790.09,6,86,151.36,2,2,5,315,1,ignored,0
613,56,male,24740.0,9364.42,13,55,230.46,1,0,1,180,1,unsubscribed,1
614,64,male,149400.0,3386.08,14,95,395.17,6,1,5,207,0,responded,0
615,34,other,168620.0,510.22,17,7,411.83,2,1,1,225,0,unsubscribed,1
616,65,male,154430.0,4068.32,7,26,411.11,5,4,3,257,0,ignored,0
617,58,female,112220.0,7924.37,16,6,170.63,3,1,5,68,0,responded,0
618,18,other,102440.0,6519.84,1,56,53.4,1,0,4,77,1,ignored,0
619,28,male,118900.0,9625.49,18,96,82.88,7,1,1,90,0,unsubscribed,0
620,29,female,146840.0,1151.4,5,48,86.17,9,3,4,160,1,responded,0
621,31,male,186120.0,9124.31,14,28,338.83,8,3,2,260,1,unsubscribed,0
622,25,male,131070.0,3751.61,1,90,283.56,1,4,5,236,0,ignored,1
623,48,male,179810.0,4792.63,14,34,98.7,9,3,1,328,0,responded,0
624,24,female,146230.0,4341.97,5,92,230.9,9,0,4,349,1,ignored,1
625,63,female,32299.999999999996,1252.88,4,17,259.13,0,1,3,142,0,unsubscribed,0
626,48,male,110150.0,2553.18,4,17,391.19,2,2,2,176,1,unsubscribed,0
627,33,female,71570.0,7448.49,3,80,295.46,0,1,2,14,0,unsubscribed,1
628,59,male,71330.0,327.77,18,95,194.82,0,0,4,143,1,responded,1
629,56,other,84070.0,1425.49,13,35,475.21,1,1,5,219,0,unsubscribed,0
630,61,female,76650.0,349.58,4,60,256.26,9,1,3,189,0,ignored,0
631,36,male,124150.0,8588.14,9,70,432.16,5,3,4,151,1,unsubscribed,0
632,25,male,143050.0,6211.52,2,73,226.42,4,0,4,111,1,unsubscribed,1
633,46,male,68370.0,1782.29,16,17,17.33,5,3,4,156,0,responded,1
634,19,other,43360.0,7710.85,10,52,305.05,4,4,4,241,0,ignored,0
635,59,female,30590.0,9671.33,9,93,403.19,9,4,4,320,1,responded,0
636,20,male,123640.0,9352.15,11,6,149.09,2,0,4,29,1,responded,0
637,68,male,53500.0,9223.32,13,1,356.11,5,0,3,17,0,responded,1
638,46,male,21660.0,177.32,13,84,237.1,4,4,3,54,0,unsubscribed,0
639,32,female,187000.0,5931.23,4,24,183.48,6,2,4,116,1,unsubscribed,0
640,55,other,116690.0,2640.66,13,31,39.46,4,4,3,150,0,unsubscribed,1
641,45,other,36640.0,5690.01,9,39,184.28,1,1,1,91,1,responded,1
642,54,male,171730.0,3248.5,10,41,406.3,9,4,1,106,1,ignored,0
643,49,male,196980.0,1621.3,1,99,399.93,8,4,2,172,1,unsubscribed,0
644,47,female,100750.0,4500.49,7,82,422.73,6,3,1,192,0,ignored,1
645,68,male,27650.0,5001.45,9,16,401.46,6,0,2,333,0,responded,1
646,64,other,41160.0,9898.68,5,75,385.69,7,3,3,63,0,unsubscribed,1
647,47,female,88700.0,519.64,7,19,418.46,6,3,4,86,0,responded,1
648,68,female,179390.0,3081.44,13,28,411.62,0,3,4,163,1,unsubscribed,1
649,51,male,46650.0,8533.75,8,52,118.28,4,1,1,135,1,responded,1
650,30,other,168320.0,6630.99,4,43,356.56,3,0,3,341,1,ignored,1
651,50,female,22700.0,8284.16,11,79,498.26,7,4,5,57,1,ignored,1
652,59,female,102330.0,6636.88,18,48,81.1,9,1,4,294,1,unsubscribed,0
653,34,male,135990.0,7619.41,18,82,370.36,9,3,3,272,1,ignored,0
654,20,other,30870.0,4979.93,18,42,461.86,2,1,4,271,1,ignored,1
655,26,other,130660.0,2128.29,15,4,329.35,9,1,1,355,0,unsubscribed,1
656,69,female,189990.0,8119.04,10,26,177.58,6,3,5,282,1,responded,0
657,28,other,48850.0,5721.42,13,89,339.34,0,3,4,106,0,unsubscribed,0
658,66,male,151330.0,1481.1,13,96,464.61,2,1,3,142,0,ignored,1
659,44,male,129639.99999999999,8068.45,5,88,468.32,6,1,2,187,1,ignored,0
660,45,female,53320.0,9590.0,9,80,434.48,8,0,4,172,0,responded,0
661,19,female,21120.0,3527.02,10,22,282.69,7,0,2,161,0,ignored,1
662,18,other,21670.0,3005.77,4,61,290.2,1,3,3,83,1,unsubscribed,1
663,23,male,115780.0,909.57,2,30,480.14,1,3,4,335,1,unsubscribed,0
664,42,other,189700.0,6678.46,7,23,334.54,0,1,5,295,0,ignored,0
665,52,other,135970.0,9593.72,14,25,19.91,1,2,1,319,0,unsubscribed,0
666,33,female,148570.0,1446.33,13,68,145.74,4,0,1,169,1,responded,1
667,21,male,108900.0,4903.08,6,10,201.35,1,2,3,223,1,unsubscribed,0
668,64,male,124740.0,1072.56,1,39,248.53,0,1,5,296,1,responded,0
669,55,other,42750.0,437.69,8,65,158.8,3,4,5,1,1,ignored,0
670,61,male,177830.0,6678.56,7,80,115.07,8,4,1,162,0,unsubscribed,1
671,37,male,156940.0,8690.1,7,15,358.19,4,4,2,181,1,unsubscribed,1
672,42,other,199680.0,3441.95,8,70,92.89,9,4,3,217,0,responded,0
673,24,female,73590.0,8770.08,19,82,54.64,1,1,5,209,1,responded,1
674,38,female,60860.0,1258.83,18,59,210.92,4,0,4,265,1,responded,1
675,24,female,42530.0,2455.81,12,68,407.16,6,0,3,97,0,unsubscribed,0
676,46,other,193560.0,9025.91,18,84,382.53,4,2,1,194,1,ignored,1
677,69,male,160560.0,5134.25,6,83,125.83,2,3,4,273,1,ignored,1
678,24,other,49940.0,6121.1,19,50,140.78,7,4,3,350,0,responded,0
679,20,other,119480.0,476.38,18,2,493.7,4,0,3,264,1,unsubscribed,0
680,46,female,94480.0,1371.06,10,8,46.4,2,1,2,94,1,responded,0
681,46,male,47270.0,652.33,13,9,48.54,5,3,4,166,1,responded,1
682,56,female,49170.0,9059.51,18,32,54.42,9,2,1,130,1,ignored,0
683,55,male,193420.0,1434.47,5,15,168.65,2,2,3,177,1,ignored,1
684,23,male,74890.0,8511.76,1,79,384.28,9,0,2,313,0,responded,1
685,63,female,189460.0,3575.24,4,21,446.44,6,1,1,170,0,unsubscribed,1
686,27,female,33610.0,8025.92,13,19,466.88,5,1,4,111,1,responded,1
687,54,other,102940.0,3713.93,16,36,133.68,8,0,1,360,0,unsubscribed,1
688,31,male,43330.0,2750.07,6,45,235.49,8,0,4,17,1,unsubscribed,1
689,39,male,20860.0,1027.24,8,32,55.82,7,0,1,299,0,responded,0
690,49,male,119680.0,2879.0,15,66,282.55,8,0,4,186,1,responded,1
691,35,male,40500.0,4767.65,6,91,13.2,8,1,3,126,1,responded,1
692,53,male,149960.0,8193.34,18,25,235.22,0,1,4,165,1,unsubscribed,0
693,63,other,145660.0,4579.9,19,39,490.4,1,0,1,283,0,responded,1
694,69,male,51740.0,9717.21,19,42,78.81,9,1,5,289,0,unsubscribed,0
695,26,other,189510.0,5462.17,18,96,113.27,9,2,1,21,1,unsubscribed,1
696,43,female,149790.0,346.96,2,57,146.05,7,1,1,171,0,unsubscribed,0
697,39,other,73630.0,4212.14,11,76,434.73,8,1,1,190,1,unsubscribed,0
698,63,other,147660.0,6920.1,18,60,446.1,5,3,5,138,1,ignored,0
699,55,other,151750.0,2419.49,10,36,473.19,2,1,1,275,1,unsubscribed,0
700,40,female,81600.0,7016.44,5,76,131.72,8,0,1,338,0,responded,1
701,34,male,87610.0,5086.6,9,48,232.21,8,0,3,119,0,responded,1
702,43,other,84640.0,354.8,19,50,197.18,7,0,2,20,1,responded,0
703,64,female,130990.00000000001,7766.09,6,30,301.97,3,4,5,191,0,unsubscribed,1
704,55,other,182070.0,5647.7,8,51,155.02,6,1,5,282,1,responded,1
705,19,other,51170.0,916.69,2,11,416.22,0,3,1,140,0,unsubscribed,1
706,23,female,177540.0,4804.62,18,43,454.01,5,0,5,292,0,responded,0
707,24,other,24980.0,2944.2,16,27,450.99,0,0,5,357,1,unsubscribed,1
708,30,other,138860.0,8808.85,8,76,138.96,9,4,4,180,1,ignored,1
709,44,male,94600.0,2920.78,17,58,247.4,1,2,2,285,1,ignored,1
710,28,female,162430.0,9422.7,18,72,273.55,8,4,5,227,1,ignored,1
711,32,other,149820.0,5506.71,7,97,485.26,3,0,2,95,1,unsubscribed,1
712,26,female,106420.0,3303.78,9,92,224.58,6,0,5,93,0,ignored,1
713,25,female,135900.0,8154.1,7,8,44.21,9,1,3,326,1,ignored,1
714,63,male,110320.0,7004.26,3,56,325.27,4,2,2,88,1,ignored,0
715,23,male,166070.0,4198.23,6,85,95.49,0,0,4,347,0,responded,0
716,65,male,105700.0,6333.22,5,18,188.94,3,3,5,277,1,unsubscribed,0
717,60,other,114170.0,7807.98,3,75,263.86,3,0,1,67,0,unsubscribed,1
718,21,other,65090.0,8530.42,14,93,481.76,5,4,5,17,0,responded,1
719,28,other,128910.0,8182.49,18,71,88.23,6,4,5,244,0,unsubscribed,0
720,68,other,74520.0,1744.16,7,57,427.42,0,1,5,348,1,responded,0
721,45,other,123910.0,8301.06,11,29,19.2,5,0,2,54,1,unsubscribed,1
722,43,other,50540.0,680.43,14,17,33.47,4,0,5,200,1,unsubscribed,1
723,21,female,48700.0,2081.69,16,62,244.94,9,1,2,228,1,responded,0
724,32,female,95070.0,6266.97,16,69,290.46,0,0,4,166,1,unsubscribed,0
725,36,male,96830.0,1235.46,4,70,102.61,2,2,3,39,0,unsubscribed,1
726,23,other,68260.0,6073.14,16,89,100.67,4,1,3,139,1,responded,1
727,22,female,43690.0,3148.86,8,45,362.66,5,1,3,35,1,unsubscribed,1
728,35,male,27060.0,4351.72,9,55,161.13,1,2,5,341,0,ignored,0
729,23,male,24540.0,3220.0,5,33,358.03,0,3,2,271,0,responded,0
730,48,male,68880.0,794.72,18,77,263.57,7,0,3,31,0,ignored,1
731,42,male,103130.0,5057.51,13,56,189.8,6,0,4,55,0,unsubscribed,1
732,21,female,150720.0,9639.63,15,66,32.43,3,3,3,90,0,ignored,0
733,23,female,105480.0,6156.66,10,13,486.53,8,4,5,167,1,ignored,0
734,58,female,182730.0,3070.32,5,26,196.21,1,1,1,225,0,unsubscribed,1
735,54,male,26340.0,9565.88,4,65,396.92,2,1,3,354,0,unsubscribed,0
736,67,male,52520.0,3953.45,19,70,174.98,6,4,5,276,0,responded,0
737,42,other,80930.0,7005.43,15,77,449.91,0,2,5,340,1,unsubscribed,1
738,51,other,123950.0,6377.72,8,31,45.34,5,4,1,230,1,ignored,1
739,36,male,173490.0,9533.82,5,41,147.88,4,2,3,255,0,unsubscribed,1
740,51,female,83040.0,9154.57,9,18,267.84,0,1,3,54,0,unsubscribed,0
741,32,male,68240.0,1565.24,17,29,310.36,5,0,4,201,0,ignored,1
742,67,other,31140.0,948.29,8,29,325.29,8,2,5,133,1,responded,1
743,25,other,167830.0,8115.46,14,12,202.03,6,1,3,166,0,responded,1
744,61,female,88340.0,9058.94,12,94,317.56,2,1,3,359,1,ignored,0
745,64,male,122880.0,4980.44,9,66,434.45,2,2,2,90,1,responded,0
746,66,other,197040.0,6938.54,16,1,420.66,3,3,1,247,0,ignored,1
747,51,female,20290.0,790.9,1,51,133.62,6,2,4,38,1,responded,0
748,35,other,46180.0,2276.06,1,28,30.38,2,1,1,317,1,unsubscribed,1
749,47,female,160240.0,1578.82,10,57,127.43,2,0,2,231,0,unsubscribed,1
750,30,other,164920.0,6051.49,12,80,411.56,7,4,2,117,0,ignored,0
751,64,other,158460.0,2055.64,3,53,332.87,8,3,2,280,0,unsubscribed,0
752,50,male,116660.0,692.48,1,17,71.01,6,1,3,122,1,responded,1
753,52,female,196190.0,3091.85,8,91,90.5,0,0,1,334,1,responded,0
754,69,female,91310.0,6804.4,16,78,139.92,8,3,1,161,0,responded,1
755,41,other,128350.0,5820.85,6,26,428.6,0,0,5,21,0,responded,0
756,43,male,31410.0,3374.18,11,24,205.0,8,1,3,285,1,unsubscribed,0
757,64,other,93770.0,8351.44,14,61,176.43,0,0,4,114,0,responded,1
758,68,other,150050.0,2835.06,13,72,120.57,9,1,4,244,1,responded,0
759,61,other,62970.0,2679.42,4,20,340.22,9,0,5,65,0,responded,0
760,59,female,189890.0,5643.48,2,66,484.34,4,0,2,338,0,unsubscribed,0
761,64,male,143620.0,4834.33,3,63,48.88,7,3,3,81,0,responded,1
762,18,other,71760.0,4515.13,7,41,256.34,7,4,1,214,1,responded,1
763,30,other,158420.0,1642.28,18,69,452.25,7,3,5,330,1,unsubscribed,0
764,27,other,34970.0,5096.0,14,16,141.11,0,2,1,117,1,responded,0
765,36,female,195460.0,2664.29,10,22,176.13,3,2,1,108,1,unsubscribed,1
766,22,other,28870.0,3982.58,10,20,251.79,2,1,1,323,0,responded,1
767,25,female,188020.0,7362.35,6,29,78.66,4,0,2,130,0,ignored,0
768,21,female,65510.00000000001,9374.94,15,98,403.85,5,3,4,130,0,responded,0
769,66,female,156410.0,7761.24,16,11,133.39,5,0,2,360,1,responded,1
770,30,female,20010.0,4115.78,8,25,38.82,2,4,2,215,1,responded,0
771,55,female,65760.0,5971.03,5,26,335.73,4,0,4,127,1,responded,0
772,63,male,154840.0,7490.33,4,54,277.2,8,1,4,331,1,ignored,0
773,66,female,115820.0,4200.79,8,8,465.52,0,3,5,133,1,ignored,0
774,63,female,40690.0,3666.46,10,21,393.49,0,2,2,46,0,unsubscribed,1
775,36,other,90850.0,1438.91,10,88,27.65,1,4,3,312,1,unsubscribed,1
776,69,male,87600.0,7388.98,8,63,269.6,4,0,1,88,1,unsubscribed,1
777,67,male,122270.0,8401.24,12,63,435.24,9,4,3,64,1,ignored,1
778,25,other,140240.0,3234.19,7,79,18.98,1,4,3,113,1,ignored,0
779,44,female,171350.0,7856.73,14,16,193.0,3,4,3,329,1,unsubscribed,1
780,67,male,109500.0,6141.11,3,5,418.21,8,4,4,291,1,unsubscribed,1
781,64,female,90560.0,7862.42,8,95,132.17,8,3,5,302,1,ignored,0
782,47,other,45920.0,4172.24,4,97,15.97,3,4,2,164,0,responded,1
783,21,male,164870.0,7501.01,13,86,176.88,5,4,4,187,0,unsubscribed,0
784,28,female,148410.0,4144.24,1,2,26.95,8,3,5,189,0,unsubscribed,1
785,38,male,93560.0,978.7,6,51,458.69,2,1,5,183,0,unsubscribed,1
786,60,male,113320.0,5550.73,1,24,427.86,3,2,5,24,1,responded,1
787,19,female,139730.0,4597.85,4,65,216.74,8,2,5,356,0,ignored,1
788,38,female,49670.0,2603.51,11,15,209.83,0,4,1,121,1,responded,0
789,34,male,24900.0,8931.92,18,92,489.92,5,4,1,93,0,responded,1
790,60,other,77150.0,3890.25,17,78,249.74,8,2,4,37,1,responded,0
791,68,male,127210.0,487.35,9,38,223.98,0,0,2,91,1,ignored,1
792,46,other,107590.0,3883.14,19,53,206.23,0,0,2,149,0,ignored,0
793,44,male,144660.0,4302.65,16,99,165.67,0,4,4,216,0,responded,0
794,41,female,167540.0,8630.21,11,77,178.18,5,2,2,254,1,responded,1
795,66,other,107920.0,8011.91,6,3,227.75,5,0,4,323,1,ignored,1
796,20,other,44170.0,2079.67,14,98,462.53,9,0,2,203,0,unsubscribed,1
797,56,male,173110.0,8406.39,4,79,440.15,7,2,3,126,1,ignored,0
798,27,male,123500.0,2554.48,5,18,383.76,7,0,1,242,1,responded,0
799,20,other,153190.0,3485.15,4,45,394.05,8,2,4,292,1,ignored,1
800,62,female,146840.0,860.5,4,72,217.72,0,3,5,52,1,responded,1
801,59,other,194280.0,648.03,8,28,295.58,7,4,2,275,1,ignored,1
802,43,other,73160.0,6840.52,11,24,449.49,2,2,4,275,1,unsubscribed,1
803,54,female,146960.0,9241.08,9,66,172.13,4,1,3,283,1,unsubscribed,1
804,44,female,85820.0,4980.87,9,72,204.73,1,2,3,256,1,ignored,0
805,22,male,91170.0,8456.53,18,58,139.89,6,3,1,59,1,responded,1
806,59,male,61510.0,7958.14,18,76,32.02,7,1,4,290,0,unsubscribed,1
807,28,male,81920.0,6680.32,6,58,17.95,9,0,4,168,1,responded,0
808,30,female,190690.0,9784.47,17,11,143.49,2,1,2,340,1,unsubscribed,1
809,58,other,72660.0,8041.66,4,9,471.18,6,1,5,340,1,ignored,0
810,51,female,64280.0,2820.96,19,15,168.88,3,0,3,5,1,ignored,1
811,55,male,124960.0,7911.24,4,94,445.4,3,1,5,204,0,unsubscribed,1
812,57,other,66450.0,6957.35,17,96,67.88,9,0,3,102,0,ignored,0
813,50,male,105210.0,4055.25,1,27,340.59,6,1,2,86,1,ignored,0
814,51,other,170150.0,860.29,16,52,171.0,9,0,1,6,0,ignored,0
815,44,female,61470.0,2222.16,3,42,447.32,9,2,4,143,0,unsubscribed,1
816,53,male,96800.0,7992.66,12,81,351.89,1,3,3,79,1,responded,1
817,43,female,129889.99999999999,2560.0,19,42,177.64,5,3,3,75,1,responded,0
818,68,female,118210.0,9978.79,1,46,248.89,4,1,4,146,0,ignored,0
819,42,female,195450.0,6970.48,14,96,124.97,3,3,1,110,1,responded,1
820,36,other,142470.0,4824.5,9,27,24.75,9,3,3,216,0,responded,0
821,38,female,153190.0,5747.32,2,70,41.72,4,1,5,195,1,responded,0
822,48,female,194050.0,6147.64,16,78,407.77,1,0,2,215,1,unsubscribed,0
823,46,other,94600.0,9692.55,7,10,372.39,9,4,1,317,1,responded,0
824,26,female,83970.0,1701.24,7,22,336.32,0,2,5,147,0,responded,0
825,36,female,27900.0,2796.72,13,3,457.44,1,3,3,209,0,responded,0
826,43,female,53160.0,7124.95,19,33,133.67,0,1,1,120,0,ignored,1
827,42,other,62690.0,2474.59,19,69,18.85,0,0,4,49,0,ignored,1
828,57,other,53030.0,8725.84,18,41,458.2,5,1,1,323,1,ignored,0
829,60,male,155860.0,3530.69,6,7,493.42,9,4,3,329,0,ignored,1
830,46,female,116460.0,1890.31,15,66,91.9,4,3,2,214,1,unsubscribed,1
831,42,other,140170.0,571.45,3,54,334.31,5,4,5,100,1,ignored,1
832,36,female,167680.0,5996.39,2,53,59.61,2,0,4,298,1,ignored,1
833,21,other,61540.0,8270.29,7,63,37.1,0,2,1,80,0,unsubscribed,0
834,62,other,78670.0,2810.55,19,64,187.7,6,3,2,180,1,unsubscribed,1
835,37,other,147500.0,9183.64,10,77,59.29,4,0,2,117,0,unsubscribed,0
836,63,male,90700.0,7601.57,6,59,64.48,4,1,5,87,1,responded,0
837,18,female,25270.0,706.88,18,46,252.05,2,1,1,346,0,unsubscribed,1
838,28,other,98290.0,5769.07,5,87,269.64,8,2,1,328,0,responded,1
839,21,female,183490.0,5717.67,2,77,202.92,9,2,5,217,1,unsubscribed,0
840,24,other,93620.0,2103.49,5,17,335.88,6,3,2,300,1,ignored,1
841,45,female,79800.0,3411.99,8,68,493.48,7,0,1,16,0,unsubscribed,0
842,53,female,198110.0,4636.96,5,87,422.51,7,0,4,240,0,unsubscribed,1
843,24,other,135990.0,575.97,16,25,384.44,6,2,3,332,1,unsubscribed,0
844,37,female,85880.0,1582.79,3,6,213.99,6,4,1,24,1,responded,0
845,52,male,38360.0,1723.64,13,85,171.63,0,2,4,171,1,ignored,0
846,68,male,161810.0,3854.43,6,11,289.94,7,2,2,90,1,unsubscribed,1
847,68,female,147450.0,7498.84,4,61,161.04,5,1,5,97,1,responded,1
848,56,female,185940.0,8329.91,10,90,93.27,8,2,4,232,1,ignored,0
849,38,other,59110.0,1712.21,18,27,435.43,9,4,4,147,0,unsubscribed,1
850,61,other,40690.0,7543.87,18,26,69.15,9,1,1,306,1,unsubscribed,0
851,18,female,150330.0,6740.03,12,95,492.33,8,1,5,301,1,responded,1
852,54,female,56610.0,8917.81,3,26,137.1,0,4,5,204,0,responded,1
853,63,female,51700.0,9691.03,12,70,371.25,8,4,4,44,1,unsubscribed,1
854,59,female,77570.0,1332.16,12,28,39.94,7,1,4,291,1,ignored,0
855,20,male,167030.0,898.67,2,65,403.54,4,1,2,28,1,responded,0
856,51,female,117120.0,8017.33,18,34,262.73,0,1,1,329,0,ignored,0
857,30,other,28250.0,1705.49,2,3,484.09,0,4,5,265,0,responded,1
858,33,male,103500.0,2026.29,2,74,251.24,7,0,3,336,0,unsubscribed,1
859,51,female,143120.0,8832.16,8,79,391.06,5,3,4,78,1,unsubscribed,0
860,41,other,116910.0,9395.75,1,62,123.93,0,3,3,55,1,unsubscribed,1
861,30,male,123040.0,3252.87,13,40,180.63,7,2,4,302,0,responded,1
862,23,female,60460.0,8437.46,18,24,396.44,2,4,5,53,0,ignored,1
863,56,female,172590.0,8602.68,8,53,437.66,2,1,1,126,1,ignored,0
864,19,female,121050.0,6093.37,13,70,62.14,0,0,3,233,1,responded,0
865,28,female,148380.0,5704.28,7,35,348.69,6,2,2,187,1,responded,1
866,24,male,196740.0,5800.8,3,96,490.41,6,2,5,212,0,ignored,1
867,24,other,97080.0,3082.76,10,3,473.96,7,1,3,121,0,responded,0
868,56,female,178590.0,6226.78,19,79,188.52,2,4,4,255,0,responded,1
869,56,male,21310.0,2511.44,13,28,156.42,1,3,1,305,1,responded,1
870,29,male,26010.0,1858.56,19,28,75.91,9,0,4,348,0,unsubscribed,1
871,68,other,126250.0,4188.21,8,65,493.85,5,1,1,22,0,responded,1
872,39,male,76060.0,7087.23,18,86,386.73,4,0,4,145,1,unsubscribed,0
873,68,male,64690.0,6252.13,15,18,316.64,3,4,3,167,0,unsubscribed,0
874,68,other,70030.0,9652.33,7,73,265.29,9,4,2,197,1,unsubscribed,1
875,69,male,77310.0,6499.91,7,9,405.13,7,2,4,352,0,responded,1
876,20,male,151210.0,1499.01,3,46,329.31,5,1,3,280,0,responded,1
877,30,other,122460.0,1696.06,18,14,248.93,5,2,3,174,1,ignored,0
878,47,male,162030.0,1021.36,14,21,226.41,4,2,4,228,0,responded,1
879,27,other,169440.0,1992.62,17,22,195.51,4,0,2,18,0,responded,1
880,69,female,171730.0,6019.71,9,88,485.23,3,1,1,109,1,unsubscribed,0
881,26,female,94640.0,8399.04,10,2,458.25,9,1,3,290,0,responded,1
882,23,female,95830.0,8949.29,8,39,173.6,5,4,3,25,1,responded,1
883,61,female,186730.0,4060.43,19,57,41.79,5,3,3,335,0,responded,1
884,19,male,139120.0,5629.97,2,76,86.21,9,1,3,229,1,ignored,1
885,61,female,34480.0,8111.08,12,25,302.13,3,2,4,158,0,unsubscribed,0
886,33,other,117590.0,3189.5,4,94,364.83,3,1,1,107,0,ignored,0
887,30,other,84080.0,5997.12,3,32,432.95,3,3,4,309,1,unsubscribed,1
888,65,other,197740.0,1823.42,1,22,455.76,6,0,2,286,0,responded,0
889,30,other,22460.0,4817.75,15,93,468.06,9,4,1,119,0,ignored,1
890,39,female,130190.0,1813.42,1,77,489.09,2,4,5,288,1,ignored,0
891,36,other,150250.0,4678.02,9,93,391.7,6,1,2,68,1,unsubscribed,1
892,43,female,72000.0,4028.51,5,66,369.27,7,0,4,119,0,responded,1
893,31,other,195260.0,4389.32,19,96,176.8,4,1,3,141,1,responded,0
894,48,other,174720.0,2512.75,6,55,465.16,6,4,4,228,0,unsubscribed,0
895,46,female,184820.0,1446.83,8,11,77.34,4,0,4,149,0,responded,1
896,62,female,23460.0,2829.09,3,93,276.98,8,1,4,39,1,responded,1
897,59,male,122580.0,2471.84,2,49,231.51,0,4,2,306,0,responded,0
898,39,male,73040.0,7369.53,14,22,446.24,8,1,5,301,0,ignored,1
899,24,male,172830.0,7198.05,11,76,324.79,8,2,3,285,0,responded,1
900,54,other,133910.0,5886.38,18,5,198.7,2,3,3,137,1,ignored,0
901,66,other,117000.0,1004.2,7,79,55.98,6,2,4,211,1,responded,0
902,58,other,40630.0,5705.99,1,54,151.46,3,0,4,139,0,ignored,0
903,44,male,117240.0,884.45,8,56,258.95,6,2,4,82,1,unsubscribed,1
904,48,male,133740.0,279.91,6,43,203.65,2,4,4,234,0,ignored,0
905,23,male,192060.0,3590.7,11,96,475.03,4,4,2,345,1,unsubscribed,1
906,33,other,125310.0,2481.39,10,44,302.68,2,1,2,58,0,responded,0
907,55,female,194130.0,5987.01,2,73,356.43,5,2,1,55,1,responded,1
908,55,male,193090.0,9293.56,1,23,301.86,0,0,1,141,1,responded,1
909,67,female,137040.0,7226.54,4,40,208.5,5,3,2,206,0,ignored,1
910,49,other,111060.0,7696.87,9,41,40.06,4,2,4,3,0,unsubscribed,1
911,50,male,103880.0,9513.84,13,35,25.18,8,0,3,92,0,ignored,0
912,66,other,180270.0,6377.5,4,36,330.33,5,2,2,29,0,responded,1
913,34,female,25090.0,5819.54,3,53,350.47,9,2,2,277,0,unsubscribed,0
914,50,other,40490.0,6058.49,18,96,98.15,1,1,1,193,0,responded,1
915,28,other,38370.0,8671.47,2,60,320.45,7,4,5,41,1,unsubscribed,1
916,30,male,156250.0,3942.18,9,37,15.3,0,3,3,233,0,responded,0
917,47,female,81140.0,7973.83,7,50,227.84,6,3,3,235,0,ignored,1
918,18,male,134830.0,6557.34,2,19,146.76,2,2,5,22,1,responded,1
919,47,other,128680.0,3115.26,12,54,442.59,2,1,1,24,0,responded,1
920,44,other,89450.0,235.52,17,14,160.98,6,2,3,82,0,unsubscribed,0
921,57,female,115680.0,2178.21,14,55,201.49,0,2,1,158,1,unsubscribed,0
922,40,other,136120.0,7029.89,14,64,88.4,2,0,1,227,0,responded,0
923,37,male,189370.0,5838.93,15,58,74.03,5,1,4,156,1,responded,0
924,23,female,123610.0,2818.49,17,48,177.47,9,0,5,167,0,responded,0
925,54,other,130590.0,4399.59,4,12,377.38,1,2,5,247,1,responded,1
926,37,male,32210.0,6645.37,14,86,43.31,8,3,4,10,1,responded,0
927,54,male,191400.0,1358.15,7,65,39.16,0,2,1,315,0,responded,1
928,23,female,115050.0,4379.57,19,42,407.43,6,3,1,254,0,ignored,1
929,46,other,164230.0,4224.58,2,18,266.86,9,0,3,291,0,unsubscribed,0
930,30,male,29050.0,5471.75,9,18,431.29,6,2,5,251,1,unsubscribed,0
931,44,female,95760.0,5266.95,15,34,310.61,5,2,3,56,0,responded,1
932,67,male,66260.0,3740.49,19,41,48.44,3,0,3,176,1,unsubscribed,0
933,37,other,68060.0,7651.06,10,36,95.19,3,3,5,218,1,responded,1
934,30,male,162460.0,765.57,8,35,226.62,6,0,3,150,0,unsubscribed,0
935,56,other,132300.0,451.83,13,92,102.35,1,2,5,32,0,ignored,1
936,25,male,99150.0,4260.57,10,33,434.17,4,1,1,12,0,unsubscribed,0
937,34,other,21910.0,8977.27,17,25,490.55,6,2,1,142,0,unsubscribed,0
938,47,male,193690.0,2847.94,2,10,313.28,2,0,2,181,0,responded,1
939,18,male,193160.0,1805.86,18,92,327.92,6,2,3,16,1,unsubscribed,0
940,41,female,59160.0,9289.26,2,46,445.68,2,3,3,21,1,ignored,1
941,33,other,27440.0,1765.41,19,27,342.15,2,3,5,361,0,unsubscribed,1
942,28,male,115440.0,3810.92,16,14,198.88,3,2,3,145,0,unsubscribed,1
943,21,female,191250.0,7317.25,15,37,127.52,2,1,2,39,0,unsubscribed,0
944,21,male,183870.0,2683.15,8,43,210.58,1,0,4,47,1,ignored,1
945,34,female,125240.0,2375.51,7,25,483.74,0,0,4,84,1,ignored,0
946,66,male,74640.0,4036.91,18,49,49.33,7,1,1,70,0,ignored,1
947,27,female,79390.0,7894.91,9,52,60.44,1,0,2,275,1,ignored,1
948,38,other,181620.0,9118.74,16,93,334.59,4,4,1,91,1,responded,0
949,55,male,108520.0,409.8,2,32,305.97,7,0,5,232,1,responded,0
950,66,other,43600.0,1734.57,8,33,371.28,1,1,4,97,0,responded,1
951,35,other,64720.0,9590.15,9,45,451.45,1,4,5,44,1,responded,1
952,27,female,69820.0,5968.63,9,91,262.13,1,1,2,169,1,unsubscribed,1
953,62,other,42240.0,5558.96,1,9,181.65,7,0,1,58,1,responded,1
954,33,female,103350.0,8154.08,10,18,264.97,4,0,1,75,1,unsubscribed,0
955,56,female,184890.0,493.85,3,23,95.44,6,4,3,224,0,unsubscribed,1
956,32,female,140380.0,236.98,1,30,451.17,5,3,2,327,1,responded,0
957,51,female,33050.0,9678.19,11,1,344.33,8,1,2,295,0,ignored,0
958,22,female,20990.0,8302.85,9,7,436.63,5,2,1,154,0,responded,1
959,34,male,69720.0,7499.08,14,80,158.18,5,1,5,124,0,ignored,1
960,54,male,85280.0,1641.44,4,22,447.94,8,4,3,74,0,unsubscribed,0
961,25,other,159810.0,4818.38,6,83,84.44,8,1,1,317,1,unsubscribed,1
962,41,male,194060.0,9379.21,13,68,191.4,5,3,4,101,1,unsubscribed,1
963,45,female,89760.0,9342.64,1,24,45.07,1,1,3,72,1,responded,0
964,64,female,143600.0,191.55,4,59,309.44,2,1,3,148,0,responded,1
965,25,male,199080.0,7549.66,12,12,128.77,0,1,1,262,0,ignored,1
966,40,other,154220.0,161.75,1,55,124.79,8,2,4,263,1,ignored,1
967,52,other,134510.0,9844.59,9,65,496.82,7,3,3,156,1,ignored,0
968,48,male,34050.0,4227.98,15,25,127.59,8,4,5,241,0,responded,1
969,34,female,78180.0,9737.84,4,69,261.12,6,3,1,340,1,unsubscribed,1
970,45,female,184410.0,3740.69,1,42,312.11,5,1,5,168,0,ignored,0
971,65,other,56180.0,3002.55,10,35,484.7,9,4,5,249,1,ignored,1
972,65,male,171850.0,3231.29,7,67,472.46,4,3,1,333,0,unsubscribed,0
973,68,female,145340.0,7333.72,4,9,211.51,9,3,5,224,1,ignored,1
974,29,other,85940.0,2076.76,4,36,64.81,6,2,2,242,1,unsubscribed,0
975,41,other,115250.0,8654.17,16,5,105.09,2,2,4,92,0,responded,1
976,32,male,117710.0,5946.67,1,68,15.01,1,3,4,123,1,unsubscribed,1
977,57,other,148530.0,9702.12,7,37,10.46,2,4,5,63,0,unsubscribed,0
978,48,female,112980.0,9872.14,13,67,390.77,8,1,4,50,1,unsubscribed,1
979,44,other,43950.0,1933.3,19,13,184.86,8,1,3,308,0,unsubscribed,1
980,52,other,159220.0,9562.24,6,64,327.74,4,2,3,78,0,unsubscribed,1
981,35,other,93130.0,560.73,2,90,286.0,6,1,4,270,1,ignored,1
982,53,male,193360.0,375.85,18,25,440.83,9,4,2,65,1,unsubscribed,0
983,25,female,71030.0,9444.26,16,34,291.91,9,0,2,333,0,responded,1
984,63,other,67350.0,9627.73,9,48,63.97,2,2,1,148,0,unsubscribed,0
985,66,male,80030.0,1557.75,10,49,440.93,4,1,1,184,1,unsubscribed,0
986,55,other,123020.0,4479.92,14,45,364.16,4,3,3,76,1,unsubscribed,1
987,22,female,181080.0,4991.52,17,57,160.7,5,0,4,317,0,unsubscribed,1
988,31,other,51730.0,8616.78,10,10,380.14,5,4,5,202,1,ignored,0
989,55,male,70340.0,6316.38,5,48,202.66,5,4,1,92,1,responded,1
990,37,other,124700.0,7768.21,8,5,431.91,7,2,4,56,1,unsubscribed,0
991,61,other,101780.0,4902.46,6,76,252.84,3,0,2,356,1,ignored,1
992,26,other,100520.0,6519.3,8,27,306.82,9,1,4,315,0,responded,0
993,50,male,167730.0,7380.55,4,10,46.12,1,2,2,173,1,ignored,1
994,35,other,186300.0,7405.02,2,90,418.46,0,0,1,124,1,responded,0
995,23,other,106640.0,117.2,10,74,250.92,7,4,3,16,1,ignored,1
996,54,male,143720.0,1089.09,2,29,77.75,0,3,2,88,1,ignored,0
997,19,male,164190.0,3700.24,9,90,34.45,6,4,4,352,0,responded,1
998,47,female,113310.0,705.85,17,69,187.37,7,3,1,172,1,unsubscribed,0
999,23,male,72980.0,3891.6,7,31,483.8,1,2,5,55,0,responded,1
1000,34,other,134860.0,3956.71,15,48,420.91,6,0,1,269,1,ignored,1
